cal_date,cal_val,date_key,dist_val,steps_val,very_val,mod_val,light_val,active_mins,wfh_flg
08/01/16,2039.48,160801,301024,4394,0,0,0,0,0
08/02/16,2159.17,160802,335965,4904,0,0,0,0,1
08/03/16,2133.85,160803,334112,4877,32,28,0,60,0
08/04/16,2410.22,160804,698301,9111,74,18,0,92,0
08/05/16,1984.15,160805,603258,7740,0,0,0,0,0
08/06/16,2194.71,160806,472362,6895,40,2,0,42,1
08/07/16,2393.78,160807,544165,7943,0,22,0,22,1
08/08/16,2157.17,160808,462625,6753,26,14,0,40,0
08/09/16,2161.74,160809,506875,7399,16,24,0,40,1
08/10/16,1962.76,160810,243687,3557,0,0,0,0,0
08/11/16,2369.7,160811,665638,9358,58,24,0,82,0
08/12/16,2187.92,160812,361787,5281,0,0,0,0,0
08/13/16,2477.66,160813,397017,5795,66,16,0,82,1
08/14/16,2025.96,160814,687276,8713,0,0,0,0,1
08/15/16,2179.55,160815,463305,6763,40,16,0,56,0
08/16/16,2357.38,160816,682361,9530,18,8,0,26,1
08/17/16,2182.54,160817,407202,5944,18,10,0,28,0
08/18/16,2347.86,160818,635017,8689,24,30,0,54,0
08/19/16,2147.89,160819,402400,5874,0,14,0,14,0
08/20/16,2251.7,160820,496819,7252,0,0,0,0,1
08/21/16,2324.61,160821,637047,9299,20,0,0,20,1
08/22/16,2018.99,160822,272462,3977,0,0,0,0,0
08/23/16,2289.58,160823,595062,8036,26,16,0,42,1
08/24/16,2483.95,160824,472282,6894,96,22,0,118,0
08/25/16,2239.72,160825,694000,8031,54,10,0,64,0
08/26/16,2480.53,160826,810271,9849,54,8,0,62,0
08/27/16,2293.3,160827,832630,10342,36,4,0,40,1
08/28/16,2667.29,160828,789317,11522,96,12,0,108,1
08/29/16,2520.93,160829,925360,11493,120,12,0,132,0
08/30/16,2277.31,160830,1012913,12453,0,0,0,0,1
08/31/16,2188.22,160831,484211,7068,16,26,0,42,0
09/01/16,2503.08,160901,424946,6203,62,6,0,68,0
09/02/16,2207.87,160902,821814,9623,4,10,0,14,0
09/03/16,2476.92,160903,520329,7595,60,4,0,64,1
09/04/16,2199.81,160904,867320,10230,22,8,0,30,1
09/05/16,2388.83,160905,275911,4027,54,8,0,62,0
09/06/16,2389.68,160906,896331,11128,90,20,0,110,1
09/07/16,2164.75,160907,827183,9935,12,8,0,20,0
09/08/16,2094.77,160908,419803,6128,22,4,0,26,0
09/09/16,1954,160909,206560,3015,0,0,0,0,0
09/10/16,2599.26,160910,325904,4757,70,22,0,92,1
09/11/16,2598.41,160911,970975,11361,72,52,0,124,1
09/12/16,2216.82,160912,1081877,13056,30,28,0,58,0
09/13/16,2388.63,160913,644874,8986,22,46,0,68,1
09/14/16,2296.96,160914,590860,8625,58,14,0,72,0
09/15/16,2376.17,160915,574767,8390,36,4,0,40,0
09/16/16,2107.49,160916,384389,5611,0,0,0,0,0
09/17/16,2463.48,160917,539992,7882,0,24,0,24,1
09/18/16,2232.99,160918,527715,7703,0,0,0,0,1
09/19/16,2164.48,160919,435224,6353,14,64,0,78,0
09/20/16,2414.07,160920,462070,6745,90,22,0,112,1
09/21/16,2077.7,160921,692967,8341,20,0,0,20,0
09/22/16,2119.9,160922,508316,7420,0,0,0,0,0
09/23/16,1974.43,160923,194978,2846,0,0,0,0,0
09/24/16,2145.6,160924,262326,3829,0,12,0,12,1
09/25/16,2494.66,160925,411612,6008,70,16,0,86,1
09/26/16,2087.49,160926,865433,10120,0,0,0,0,0
09/27/16,1857.57,160927,298621,4359,2,16,0,18,1
09/28/16,1585.1,160928,0,0,0,0,0,0,0
09/29/16,2579.23,160929,293479,4284,82,10,0,92,0
09/30/16,2048.14,160930,822329,9724,0,0,0,0,0
10/01/16,2478.69,161001,372352,5435,64,0,0,64,1
10/02/16,2066.19,161002,832315,9666,0,0,0,0,1
10/03/16,2008.48,161003,319525,4664,2,12,0,14,0
10/04/16,2402.93,161004,307389,4487,58,4,0,62,1
10/05/16,2095.81,161005,751852,8713,0,0,0,0,0
10/06/16,1798.59,161006,221211,3229,0,0,0,0,0
10/07/16,1990.11,161007,182026,2562,0,0,0,0,0
10/08/16,2710.87,161008,483869,7063,102,26,0,128,1
10/09/16,2084.39,161009,1002535,11830,0,0,0,0,1
10/10/16,2421.31,161010,372821,5442,70,4,0,74,0
10/11/16,2125.1,161011,961074,11488,38,6,0,44,1
10/12/16,2502.11,161012,306016,4467,62,2,0,64,0
10/13/16,1913.12,161013,797021,9094,0,16,0,16,0
10/14/16,1958.65,161014,175246,2558,0,0,0,0,0
10/15/16,2035.64,161015,353589,5161,0,0,0,0,1
10/16/16,2421.69,161016,372227,5433,4,14,0,18,1
10/17/16,2279.19,161017,558754,8156,14,6,0,20,0
10/18/16,1999.49,161018,328707,4798,0,0,0,0,1
10/19/16,1812.36,161019,143458,2094,0,0,0,0,0
10/20/16,2140.78,161020,332537,4854,16,6,0,22,0
10/21/16,2057.82,161021,259848,3793,0,0,0,0,0
10/22/16,2744.69,161022,459356,6705,88,6,0,94,1
10/23/16,2294.93,161023,1238817,14686,0,16,0,16,1
10/24/16,2090.96,161024,342275,4996,0,0,0,0,0
10/25/16,2204.13,161025,307051,4482,48,4,0,52,1
10/26/16,2042.06,161026,862745,10237,56,0,0,56,0
10/27/16,2148.8,161027,295334,4311,0,0,0,0,0
10/28/16,2064.45,161028,228687,3338,0,0,0,0,0
10/29/16,2785.49,161029,1167072,14418,60,4,0,64,1
10/30/16,2399.88,161030,394202,5754,0,48,0,48,1
10/31/16,2268.06,161031,511900,7472,4,14,0,18,0
11/01/16,2037.8,161101,415095,6059,0,0,0,0,1
11/02/16,2108.81,161102,305968,4466,0,0,0,0,0
11/03/16,2198.73,161103,364468,5320,0,0,0,0,0
11/04/16,2079.21,161104,242266,3536,0,0,0,0,0
11/05/16,2257.14,161105,544447,7947,2,16,0,18,1
11/06/16,2312.61,161106,439892,6421,0,0,0,0,1
11/07/16,1786.57,161107,311111,4541,0,0,0,0,0
11/08/16,2073.78,161108,141268,2062,0,0,0,0,1
11/09/16,2055.56,161109,316846,4625,0,0,0,0,0
11/10/16,2601.08,161110,360358,5260,88,16,0,104,0
11/11/16,2069.51,161111,1012527,11314,0,0,0,0,0
11/12/16,2313.72,161112,604833,8754,0,54,0,54,1
11/13/16,1955.31,161113,268765,3923,0,0,0,0,1
11/14/16,2172.76,161114,419693,5938,14,22,0,36,0
11/15/16,2473.19,161115,261847,3822,90,4,0,94,1
11/16/16,2047.92,161116,1044054,11703,2,16,0,18,0
11/17/16,2008.5,161117,327405,4779,0,0,0,0,0
11/18/16,1938.11,161118,270469,3948,0,0,0,0,0
11/19/16,2156.36,161119,290614,4242,0,0,0,0,1
11/20/16,2548.54,161120,339541,4956,92,4,0,96,1
11/21/16,2052.52,161121,1032262,11593,0,0,0,0,0
11/22/16,1931.3,161122,589373,7151,34,2,0,36,1
11/23/16,2002.93,161123,0,0,76,4,0,80,0
11/24/16,2211.96,161124,862141,10454,8,30,0,38,0
11/25/16,2253.63,161125,457503,6678,0,0,0,0,0
11/26/16,2434.21,161126,752411,10983,48,18,0,66,1
11/27/16,2267.6,161127,473186,6907,2,16,0,18,1
11/28/16,1861.17,161128,134007,1956,0,0,0,0,0
11/29/16,2072.5,161129,260945,3809,4,10,0,14,1
11/30/16,2053.17,161130,348639,5089,0,0,0,0,0
12/01/16,2491.64,161201,296705,4331,90,16,0,106,0
12/02/16,1967.87,161202,910605,9941,0,0,0,0,0
12/03/16,2197.95,161203,387906,5662,0,0,0,0,1
12/04/16,2046.76,161204,277468,4050,0,0,0,0,1
12/05/16,2050.66,161205,385900,5633,0,0,0,0,0
12/06/16,2004.33,161206,305132,4454,0,0,0,0,1
12/07/16,2084.71,161207,298419,4356,0,0,0,0,0
12/08/16,2012.69,161208,322037,4639,2,14,0,16,0
12/09/16,2063.02,161209,206965,3021,0,0,0,0,0
12/10/16,1630.2,161210,282943,4130,0,0,0,0,1
12/11/16,2023.94,161211,150510,2197,0,0,0,0,1
12/12/16,2108.36,161212,304655,4447,2,28,0,30,0
12/13/16,2238.15,161213,441673,6447,48,22,0,70,1
12/14/16,2076.58,161214,480378,6948,0,0,0,0,0
12/15/16,2011.71,161215,167441,2444,0,0,0,0,0
12/16/16,1963.05,161216,382546,5584,0,0,0,0,0
12/17/16,2767.96,161217,451129,6585,96,46,0,142,1
12/18/16,2166.54,161218,1156945,13336,22,24,0,46,1
12/19/16,2043.72,161219,382820,5588,0,0,0,0,0
12/20/16,1992.43,161220,282393,4122,0,0,0,0,1
12/21/16,2344.95,161221,504896,7370,40,6,0,46,0
12/22/16,1893.54,161222,378195,5378,0,0,0,0,0
12/23/16,2023.28,161223,151954,2218,0,0,0,0,0
12/24/16,2033.27,161224,430748,6224,0,0,0,0,1
12/25/16,2269.25,161225,473055,6905,0,0,0,0,1
12/26/16,2552.91,161226,392494,5729,10,30,0,40,0
12/27/16,2597.35,161227,786755,11484,16,56,0,72,1
12/28/16,2617.92,161228,865862,12639,4,60,0,64,0
12/29/16,2440.03,161229,829358,12106,10,22,0,32,0
12/30/16,2033.18,161230,280140,4089,0,0,0,0,0
12/31/16,2152.94,161231,431122,6293,16,8,0,24,1
01/01/17,1874.37,170101,229168,3345,0,0,0,0,1
01/02/17,1855.7,170102,146622,2140,0,0,0,0,0
01/03/17,2131.6,170103,240568,3448,2,28,0,30,1
01/04/17,2112.94,170104,609192,8827,40,10,0,50,0
01/05/17,1818.3,170105,147084,2147,0,0,0,0,0
01/06/17,2167.89,170106,412187,5956,20,8,0,28,0
01/07/17,2016.48,170107,265682,3878,0,0,0,0,1
01/08/17,2142.02,170108,320833,4683,0,0,0,0,1
01/09/17,2088.7,170109,340210,4966,0,0,0,0,0
01/10/17,2245.49,170110,431156,6232,66,0,0,66,1
01/11/17,2139.35,170111,594133,8548,18,2,0,20,0
01/12/17,2138.87,170112,491476,6799,24,14,0,38,0
01/13/17,2096.07,170113,369834,5335,0,0,0,0,0
01/14/17,2079.11,170114,256976,3751,0,10,0,10,1
01/15/17,1848.99,170115,445300,6500,6,12,0,18,1
01/16/17,1701.42,170116,0,0,8,8,0,16,0
01/17/17,2091.95,170117,378911,5531,0,0,0,0,1
01/18/17,2068.81,170118,269384,3932,0,0,0,0,0
01/19/17,2268.6,170119,435503,6357,14,14,0,28,0
01/20/17,1994.58,170120,449885,6567,0,0,0,0,0
01/21/17,2478.87,170121,444879,6494,24,42,0,66,1
01/22/17,2184.26,170122,463325,6763,24,34,0,58,1
01/23/17,2241.37,170123,589842,8531,0,12,0,12,0
01/24/17,2196.26,170124,454555,6635,0,14,0,14,1
01/25/17,2198.04,170125,507982,7415,0,28,0,28,0
01/26/17,2218.74,170126,630326,9201,42,44,0,86,0
01/27/17,2049.84,170127,363431,5299,0,0,0,0,0
01/28/17,2217.03,170128,420855,6143,0,0,0,0,1
01/29/17,1847.34,170129,157300,2296,0,0,0,0,1
01/30/17,2096.77,170130,311715,4550,2,10,0,12,0
01/31/17,2350.41,170131,683792,9918,74,2,0,76,1
02/01/17,2169.2,170201,495119,6984,14,4,0,18,0
02/02/17,2080.68,170202,338635,4943,0,0,0,0,0
02/03/17,2082.14,170203,365005,5328,0,0,0,0,0
02/04/17,2329.77,170204,139831,2041,90,6,0,96,1
02/05/17,1984.13,170205,987677,10945,0,0,0,0,1
02/06/17,2182.82,170206,286707,4185,0,0,0,0,0
02/07/17,1871.1,170207,280688,4037,0,0,0,0,1
02/08/17,2096.69,170208,319535,4664,0,0,0,0,0
02/09/17,2182.82,170209,358717,5173,0,0,0,0,0
02/10/17,2075.84,170210,387551,5657,0,0,0,0,0
02/11/17,2556.73,170211,253761,3704,86,0,0,86,1
02/12/17,2277.15,170212,1228853,14779,0,80,0,80,1
02/13/17,2151.54,170213,329873,4815,18,8,0,26,0
02/14/17,2156.24,170214,394348,5698,0,0,0,0,1
02/15/17,2173.9,170215,465113,6789,0,0,0,0,0
02/16/17,1856.49,170216,385562,5628,2,18,0,20,0
02/17/17,1585.1,170217,0,0,0,0,0,0,0
02/18/17,2593.65,170218,60673,824,86,6,0,92,1
02/19/17,2150.69,170219,1187552,13993,0,0,0,0,1
02/20/17,2238.04,170220,467714,6827,0,40,0,40,0
02/21/17,2218.45,170221,422083,6161,16,6,0,22,1
02/22/17,2106.79,170222,357544,5219,8,8,0,16,0
02/23/17,2172.53,170223,392481,5729,14,6,0,20,0
02/24/17,2045.15,170224,469268,6850,24,0,0,24,0
02/25/17,2166.97,170225,382142,5578,0,14,0,14,1
02/26/17,2206.17,170226,431798,6231,0,0,0,0,1
02/27/17,2759.94,170227,403652,5892,92,8,0,100,0
02/28/17,2292.12,170228,1461870,17988,80,16,0,96,1
03/01/17,2384.6,170301,654843,9559,90,24,0,114,0
03/02/17,2359.37,170302,659825,9571,68,36,0,104,0
03/03/17,2658.6,170303,592650,8651,68,68,0,136,0
03/04/17,2510.19,170304,987218,13246,30,8,0,38,1
03/05/17,2098.57,170305,563688,7873,0,0,0,0,1
03/06/17,2240.39,170306,513390,7275,52,12,0,64,0
03/07/17,2007.52,170307,394466,5680,0,0,0,0,1
03/08/17,2177.5,170308,576797,8280,84,16,0,100,0
03/09/17,2410.4,170309,626277,9142,94,26,0,120,0
03/10/17,1929.47,170310,182922,2670,0,0,0,0,0
03/11/17,2099.77,170311,522912,7633,4,40,0,44,1
03/12/17,2123.84,170312,298431,4356,0,16,0,16,1
03/13/17,2260.09,170313,640130,9344,62,12,0,74,0
03/14/17,2288.98,170314,653955,9546,90,22,0,112,1
03/15/17,1901.71,170315,307531,4489,20,4,0,24,0
03/16/17,2183.63,170316,497410,7261,92,16,0,108,0
03/17/17,1998.45,170317,221310,3162,0,0,0,0,0
03/18/17,2323.38,170318,375638,5483,0,90,0,90,1
03/19/17,2582.78,170319,1093205,15958,102,40,0,142,1
03/20/17,2264.48,170320,513323,7493,62,10,0,72,0
03/21/17,2223.47,170321,393032,5737,20,12,0,32,1
03/22/17,1849.21,170322,369740,5397,0,0,0,0,0
03/23/17,1990.22,170323,199977,2919,0,0,0,0,0
03/24/17,2133.95,170324,278699,4068,0,0,0,0,0
03/25/17,2185.84,170325,187930,2743,52,36,0,88,1
03/26/17,2122.55,170326,741664,9925,0,0,0,0,1
03/27/17,2382.89,170327,709924,10363,94,10,0,104,0
03/28/17,2266.35,170328,591402,8633,74,20,0,94,1
03/29/17,2485.65,170329,590179,8615,116,52,0,168,0
03/30/17,2242.06,170330,641890,9222,18,6,0,24,0
03/31/17,2102.78,170331,465079,6728,0,24,0,24,0
04/01/17,1995.16,170401,241087,3519,0,0,0,0,1
04/02/17,2096,170402,444417,6487,8,24,0,32,1
04/03/17,2321.54,170403,418778,6113,16,6,0,22,0
04/04/17,2302.13,170404,534834,7807,14,6,0,20,1
04/05/17,2413.9,170405,495604,7161,10,78,0,88,0
04/06/17,2701.15,170406,728561,10635,72,102,0,174,0
04/07/17,2884.47,170407,1257374,17950,172,132,0,304,0
04/08/17,2367.57,170408,1220042,17408,42,36,0,78,1
04/09/17,2578.07,170409,828051,11600,56,74,0,130,1
04/10/17,2422.26,170410,766157,11184,0,24,0,24,0
04/11/17,2792.54,170411,745843,10887,44,82,0,126,1
04/12/17,2727.58,170412,1170702,16252,90,78,0,168,0
04/13/17,2716.52,170413,960963,13832,66,142,0,208,0
04/14/17,2339.15,170414,1260824,18405,106,34,0,140,0
04/15/17,2471.82,170415,502436,7257,34,24,0,58,1
04/16/17,2362.01,170416,550783,7970,58,58,0,116,1
04/17/17,2407.63,170417,767445,10853,94,38,0,132,0
04/18/17,2347.64,170418,873462,12314,78,62,0,140,1
04/19/17,2355.48,170419,933790,13631,94,26,0,120,0
04/20/17,2430.57,170420,791459,11483,88,20,0,108,0
04/21/17,2263.65,170421,169700,2477,124,6,0,130,0
04/22/17,2533.37,170422,1035285,14670,40,52,0,92,1
04/23/17,2574.43,170423,819156,11731,84,28,0,112,1
04/24/17,2349.36,170424,744482,10671,86,62,0,148,0
04/25/17,2636.43,170425,1130034,16366,74,32,0,106,1
04/26/17,2657.82,170426,562677,7939,126,20,0,146,0
04/27/17,2315.41,170427,1071780,14297,74,36,0,110,0
04/28/17,2725.63,170428,1200618,17133,76,80,0,156,0
04/29/17,2179.7,170429,517639,7556,52,44,0,96,1
04/30/17,2376.23,170430,441839,6195,70,32,0,102,1
05/01/17,2415.92,170501,926701,12604,90,12,0,102,0
05/02/17,2387.78,170502,761968,10530,82,12,0,94,1
05/03/17,2342.84,170503,948349,13097,94,32,0,126,0
05/04/17,2320.17,170504,643416,9322,68,44,0,112,0
05/05/17,2405.3,170505,754517,10501,70,42,0,112,0
05/06/17,2429.08,170506,763271,10243,74,22,0,96,1
05/07/17,2209.83,170507,738410,10484,20,38,0,58,1
05/08/17,2205.66,170508,769963,11068,26,10,0,36,0
05/09/17,2143.18,170509,565461,8120,8,12,0,20,1
05/10/17,2280.14,170510,774870,11043,98,18,0,116,0
05/11/17,1911.51,170511,157090,2293,4,24,0,28,0
05/12/17,2091.84,170512,391514,5715,0,0,0,0,0
05/13/17,2296.98,170513,489646,7147,0,48,0,48,1
05/14/17,2078.17,170514,387540,5583,0,0,0,0,1
05/15/17,2137.38,170515,358159,5228,20,16,0,36,0
05/16/17,2119.79,170516,526673,7688,42,4,0,46,1
05/17/17,2204.67,170517,507420,7407,36,16,0,52,0
05/18/17,1746.5,170518,187571,2738,0,0,0,0,0
05/19/17,2006.27,170519,318579,4530,24,26,0,50,0
05/20/17,2110.79,170520,422136,6162,0,0,0,0,1
05/21/17,2112.35,170521,607011,8797,0,22,0,22,1
05/22/17,2302.69,170522,560367,8180,88,10,0,98,0
05/23/17,2669.01,170523,533182,7287,138,52,0,190,1
05/24/17,2415.05,170524,1135567,14513,78,36,0,114,0
05/25/17,1998.87,170525,880030,12080,0,0,0,0,0
05/26/17,2028.31,170526,271711,3966,0,0,0,0,0
05/27/17,2341.7,170527,755491,10126,38,18,0,56,1
05/28/17,1896.39,170528,245506,3521,0,0,0,0,1
05/29/17,2032.92,170529,409219,5904,6,16,0,22,0
05/30/17,1903.48,170530,266012,3883,0,0,0,0,1
05/31/17,2030.64,170531,373264,5388,4,6,0,10,0
06/01/17,2298.93,170601,776478,10223,72,8,0,80,0
06/02/17,2058.73,170602,366302,5347,4,16,0,20,0
06/03/17,2412.73,170603,509009,7430,2,62,0,64,1
06/04/17,2039.72,170604,497981,7269,4,12,0,16,1
06/05/17,1931,170605,438714,6404,0,0,0,0,0
06/06/17,1585.1,170606,33639,491,0,0,0,0,1
06/07/17,1585.1,170607,0,0,0,0,0,0,0
06/08/17,1585.1,170608,0,0,0,0,0,0,0
06/09/17,1874.05,170609,225453,3291,0,0,0,0,0
06/10/17,1882.65,170610,207573,3030,0,0,0,0,1
06/11/17,2241.28,170611,383907,5604,4,20,0,24,1
06/12/17,2170.55,170612,591417,8633,0,0,0,0,0
06/13/17,2165.45,170613,692749,9982,34,6,0,40,1
06/14/17,2154.71,170614,474194,6922,44,6,0,50,0
06/15/17,2361.12,170615,567634,8286,22,14,0,36,0
06/16/17,2434.44,170616,965845,13703,66,16,0,82,0
06/17/17,1890.3,170617,363355,5304,0,0,0,0,1
06/18/17,1925.98,170618,248891,3633,0,14,0,14,1
06/19/17,2624.3,170619,738206,10776,86,46,0,132,0
06/20/17,2015.01,170620,552157,8060,0,0,0,0,1
06/21/17,2027.34,170621,271767,3967,6,16,0,22,0
06/22/17,2010.56,170622,466597,6811,0,0,0,0,0
06/23/17,2071.08,170623,362264,5288,8,10,0,18,0
06/24/17,1918.99,170624,241973,3532,0,0,0,0,1
06/25/17,2008.72,170625,397272,5799,0,0,0,0,1
06/26/17,2015.16,170626,214635,3133,14,12,0,26,0
06/27/17,2122.48,170627,581126,8419,36,20,0,56,1
06/28/17,2486.83,170628,739855,10734,72,14,0,86,0
06/29/17,2233.06,170629,720316,10515,34,8,0,42,0
06/30/17,1865.61,170630,264305,3858,0,0,0,0,0
07/01/17,1729.64,170701,102012,1413,0,0,0,0,1
07/02/17,2226.9,170702,414532,6051,6,42,0,48,1
07/03/17,2332.02,170703,681831,9318,68,38,0,106,0
07/04/17,2161.57,170704,669337,9417,28,32,0,60,1
07/05/17,2162.59,170705,418991,6116,16,16,0,32,0
07/06/17,2197.31,170706,695464,9958,32,20,0,52,0
07/07/17,1988.99,170707,316016,4547,0,0,0,0,0
07/08/17,1932.65,170708,287668,4199,0,0,0,0,1
07/09/17,1973.49,170709,285402,4166,2,18,0,20,1
07/10/17,2208.5,170710,580805,8402,0,0,0,0,0
07/11/17,2154.04,170711,448787,6551,0,0,0,0,1
07/12/17,2004.02,170712,396395,5569,0,0,0,0,0
07/13/17,2177.74,170713,489754,7149,16,8,0,24,0
07/14/17,1904.04,170714,249976,3583,0,0,0,0,0
07/15/17,1974.17,170715,425302,6208,0,0,0,0,1
07/16/17,2344.81,170716,478981,6786,18,28,0,46,1
07/17/17,2273.84,170717,747324,10909,60,6,0,66,0
07/18/17,2143.36,170718,409324,5975,8,14,0,22,1
07/19/17,2453.84,170719,825117,11201,52,42,0,94,0
07/20/17,2350.74,170720,903499,12978,120,24,0,144,0
07/21/17,2041.21,170721,443296,6471,0,0,0,0,0
07/22/17,2311.78,170722,649918,9487,42,16,0,58,1
07/23/17,2081.39,170723,467977,6763,2,54,0,56,1
07/24/17,2203.6,170724,347470,5072,22,20,0,42,0
07/25/17,2210.48,170725,813293,11872,58,6,0,64,1
07/26/17,2412.46,170726,553176,8075,38,6,360,404,0
07/27/17,2459.72,170727,943949,13098,70,18,428,516,0
07/28/17,1918.6,170728,464832,6785,0,0,244,244,0
07/29/17,1672.83,170729,42617,622,0,0,66,66,1
07/30/17,2224.61,170730,542224,7915,0,0,422,422,1
07/31/17,2693.49,170731,978054,14277,60,172,450,682,0
08/01/17,1958.62,170801,429608,6271,0,0,258,258,1
08/02/17,2214.43,170802,550437,8035,22,64,300,386,0
08/03/17,2053.8,170803,406994,5941,28,14,274,316,0
08/04/17,2236.57,170804,458445,6692,8,20,412,440,0
08/05/17,1892.78,170805,258280,3770,0,0,262,262,1
08/06/17,2875.58,170806,1128206,14655,156,64,332,552,1
08/07/17,1665.98,170807,419378,5413,0,0,76,76,0
08/08/17,1926.61,170808,238200,3477,6,12,210,228,1
08/09/17,2198.83,170809,396718,5668,40,12,318,370,0
08/10/17,2172.16,170810,567016,7890,0,0,376,376,0
08/11/17,2358.14,170811,561513,7813,16,18,398,432,0
08/12/17,2660.18,170812,599933,8293,106,20,348,474,1
08/13/17,2312.89,170813,1473490,17943,22,58,350,430,1
08/14/17,2521.79,170814,975918,14246,110,12,374,496,0
08/15/17,2173.72,170815,611360,8866,10,8,370,388,1
08/16/17,2039.03,170816,290609,4242,10,42,248,300,0
08/17/17,2288.36,170817,629700,9192,26,6,332,364,0
08/18/17,2344.71,170818,861564,12056,68,6,314,388,0
08/19/17,1915.31,170819,307226,4417,22,16,178,216,1
08/20/17,2340.61,170820,424123,6191,8,22,522,552,1
08/21/17,2507.76,170821,930722,13586,74,18,384,476,0
08/22/17,2175.75,170822,676268,9743,24,14,362,400,1
08/23/17,2104.5,170823,356987,5211,0,0,322,322,0
08/24/17,2430.62,170824,887649,12756,88,16,360,464,0
08/25/17,2133.41,170825,394395,5635,12,12,344,368,0
08/26/17,2161.58,170826,476062,6818,0,0,396,396,1
08/27/17,2611.14,170827,582709,8506,46,76,480,602,1
08/28/17,2438.98,170828,1191992,16965,82,26,322,430,0
08/29/17,1764.91,170829,448677,6271,0,0,116,116,1
08/30/17,2251.49,170830,433016,6321,66,2,280,348,0
08/31/17,2501.8,170831,882764,12690,80,26,360,466,0
09/01/17,2692.69,170901,1143423,14904,90,36,440,566,0
09/02/17,2471.9,170902,662412,9669,2,14,670,686,1
09/03/17,2375.88,170903,487798,7055,72,66,314,452,1
09/04/17,2358.14,170904,839873,11912,74,46,324,444,0
09/05/17,2142.28,170905,847826,12240,30,30,268,328,1
09/06/17,2233.95,170906,544338,7946,48,48,236,332,0
09/07/17,2414.69,170907,733857,10556,68,8,392,468,0
09/08/17,2431.88,170908,603698,8747,54,64,374,492,0
09/09/17,1971.22,170909,558342,8086,0,0,282,282,1
09/10/17,1863.69,170910,248600,3562,0,0,210,210,1
09/11/17,2047.89,170911,387562,5592,0,0,304,304,0
09/12/17,2484.55,170912,925430,13135,94,38,308,440,1
09/13/17,2289.17,170913,685396,9920,72,6,286,364,0
09/14/17,2326.11,170914,735991,10588,84,24,296,404,0
09/15/17,2160.38,170915,508912,7362,22,34,318,374,0
09/16/17,1897.1,170916,212172,3097,0,0,220,220,1
09/17/17,2431.98,170917,560066,8111,6,22,532,560,1
09/18/17,2338.77,170918,675170,9580,70,12,296,378,0
09/19/17,2292.81,170919,865737,12160,42,36,306,384,1
09/20/17,2217.84,170920,579890,8465,0,2,368,370,0
09/21/17,2564.1,170921,871184,12519,110,14,348,472,0
09/22/17,2499.57,170922,1084045,15494,100,14,326,440,0
09/23/17,2278.6,170923,439943,6349,30,4,386,420,1
09/24/17,2016.93,170924,575332,7819,4,16,280,300,1
09/25/17,2319.86,170925,672311,9814,66,6,302,374,0
09/26/17,1964.46,170926,352183,4991,0,0,240,240,1
09/27/17,2015.38,170927,436702,6010,0,0,308,308,0
09/28/17,2269.78,170928,463339,6570,0,0,446,446,0
09/29/17,2460.85,170929,842606,12088,58,34,392,484,0
09/30/17,1982.97,170930,424801,6201,4,10,254,268,1
10/01/17,2186.73,171001,497643,7264,0,10,460,470,1
10/02/17,2192.54,171002,633266,9244,70,2,244,316,0
10/03/17,2071.58,171003,478441,6984,18,6,246,270,1
10/04/17,2271.33,171004,648552,9061,36,2,336,374,0
10/05/17,2447.69,171005,746997,10830,18,20,490,528,0
10/06/17,2345.65,171006,744068,10728,18,56,402,476,0
10/07/17,2263.5,171007,489218,7141,10,52,400,462,1
10/08/17,1960.16,171008,382541,5443,0,0,274,274,1
10/09/17,2180.85,171009,393165,5739,22,48,310,380,0
10/10/17,2108.57,171010,653604,9338,16,4,288,308,1
10/11/17,2386.41,171011,830537,12061,74,28,296,398,0
10/12/17,2537.99,171012,591569,8570,40,34,432,506,0
10/13/17,1997.54,171013,714077,9747,0,0,270,270,0
10/14/17,2049.47,171014,288154,4206,16,8,310,334,1
10/15/17,2078.65,171015,344657,5031,0,18,336,354,1
10/16/17,2444.69,171016,883150,12824,68,4,400,472,0
10/17/17,2430.59,171017,949666,13641,80,6,352,438,1
10/18/17,2243.83,171018,581209,7910,0,0,406,406,0
10/19/17,2385.23,171019,732458,10211,44,34,362,440,0
10/20/17,3568.1,171020,1872869,24834,280,140,432,852,0
10/21/17,2460.61,171021,1065547,14634,44,62,428,534,1
10/22/17,1948.68,171022,484941,7004,0,6,252,258,1
10/23/17,2325.44,171023,654273,8949,34,18,388,440,0
10/24/17,2174.94,171024,625556,8258,28,6,286,320,1
10/25/17,2307.27,171025,495378,7165,34,20,316,370,0
10/26/17,2281.85,171026,1023102,13755,66,38,232,336,0
10/27/17,2110.68,171027,286904,4188,18,2,320,340,0
10/28/17,2321.53,171028,796472,11555,38,74,344,456,1
10/29/17,2353.59,171029,337257,4721,102,58,190,350,1
10/30/17,2202,171030,1055875,14823,6,28,370,404,0
10/31/17,2011.27,171031,355145,5184,0,0,298,298,1
11/01/17,2332.02,171101,645261,9360,60,14,342,416,0
11/02/17,2851.27,171102,1295105,17711,88,78,548,714,0
11/03/17,2593.45,171103,716834,10314,86,42,440,568,0
11/04/17,2016.58,171104,512142,7142,0,0,338,338,1
11/05/17,2133.36,171105,475586,6942,4,30,368,402,1
11/06/17,2449.41,171106,460169,6717,22,10,488,520,0
11/07/17,2263.06,171107,871224,11821,40,30,320,390,1
11/08/17,2310.21,171108,666942,9395,20,2,446,468,0
11/09/17,2583.18,171109,1192182,16494,74,18,430,522,0
11/10/17,2752.71,171110,882476,11205,88,64,432,584,0
11/11/17,2118.63,171111,662207,9307,28,14,282,324,1
11/12/17,2806.61,171112,986083,13459,82,92,446,620,1
11/13/17,2361.72,171113,939369,13240,14,38,418,470,0
11/14/17,2362.38,171114,890530,11992,0,0,486,486,1
11/15/17,2239.93,171115,725647,10365,22,20,362,404,0
11/16/17,2977.2,171116,722082,10147,124,48,494,666,0
11/17/17,2570.25,171117,1538291,19966,76,32,430,538,0
11/18/17,2034.35,171118,475376,6862,2,28,282,312,1
11/19/17,2285.33,171119,553874,8085,56,34,316,406,1
11/20/17,2591.64,171120,702668,9926,38,50,470,558,0
11/21/17,2357.98,171121,984968,13668,32,34,396,462,1
11/22/17,2557.32,171122,1079345,14572,84,56,400,540,0
11/23/17,2056.04,171123,463521,6766,28,30,238,296,0
11/24/17,2553.63,171124,947169,13013,110,72,286,468,0
11/25/17,2363.37,171125,871034,12651,28,98,362,488,1
11/26/17,2008.76,171126,207725,3032,4,10,302,316,1
11/27/17,2012.47,171127,512912,7487,2,14,270,286,0
11/28/17,2118.29,171128,368019,5372,6,12,314,332,1
11/29/17,2041.42,171129,422534,6033,12,10,290,312,0
11/30/17,2047.28,171130,486924,6817,20,4,246,270,0
12/01/17,1931.6,171201,209363,3056,0,0,246,246,0
12/02/17,1886.5,171202,159006,2321,4,22,180,206,1
12/03/17,1875.44,171203,366168,5345,2,22,188,212,1
12/04/17,2480.69,171204,728536,10515,22,36,492,550,0
12/05/17,2148.81,171205,641850,9171,6,6,376,388,1
12/06/17,2213.16,171206,493656,6908,28,12,338,378,0
12/07/17,3416.16,171207,1258420,16471,202,108,526,836,0
12/08/17,2254.35,171208,1203234,16152,26,40,356,422,0
12/09/17,2825.37,171209,874370,12259,120,66,428,614,1
12/10/17,2516.86,171210,1119459,14980,78,86,366,530,1
12/11/17,2258.13,171211,714315,9680,56,50,298,404,0
12/12/17,1815.27,171212,476474,6543,12,6,104,122,1
12/13/17,2475.4,171213,519714,7316,78,60,324,462,0
12/14/17,2173.82,171214,921672,12398,6,10,348,364,0
12/15/17,2308.79,171215,632380,9169,14,24,430,468,0
12/16/17,3388.28,171216,711994,9071,234,162,362,758,1
12/17/17,3792.8,171217,2274311,29167,320,154,374,848,1
12/18/17,2568.72,171218,2355737,29896,76,30,396,502,0
12/19/17,2378.92,171219,1126375,15074,14,34,410,458,1
12/20/17,2554.23,171220,602305,8715,114,54,332,500,0
12/21/17,2111.89,171221,1025779,14429,32,4,304,340,0
12/22/17,2698.12,171222,838287,10977,94,84,402,580,0
12/23/17,2369.49,171223,868816,12492,16,68,520,604,1
12/24/17,2003.68,171224,395147,5768,2,14,284,300,1
12/25/17,1857.35,171225,246700,3601,0,0,208,208,0
12/26/17,3096.11,171226,1093443,14088,176,154,370,700,1
12/27/17,2312.58,171227,999955,14131,0,18,442,460,0
12/28/17,3390.48,171228,1371248,18373,252,82,402,736,0
12/29/17,3171.32,171229,1321573,16983,206,60,342,608,0
12/30/17,2468.14,171230,2109392,26518,48,24,428,500,1
12/31/17,2714.29,171231,948276,13108,136,64,362,562,1
01/01/18,2343.62,180101,1001213,13697,6,26,518,550,0
01/02/18,2381.21,180102,923603,12506,46,40,304,390,1
01/03/18,2695.24,180103,1324031,17803,126,94,260,480,0
01/04/18,2198.01,180104,343,5,68,18,154,240,0
01/05/18,2306.63,180105,1153914,14799,14,16,416,446,0
01/06/18,2722.83,180106,582918,8509,92,94,414,600,1
01/07/18,3516.43,180107,1434638,19080,280,136,318,734,1
01/08/18,2916.54,180108,2015697,25616,86,64,538,688,0
01/09/18,2639.69,180109,1457739,19702,54,48,452,554,1
01/10/18,2510.24,180110,825974,11849,62,56,380,498,0
01/11/18,3034.47,180111,1928919,25810,120,76,524,720,0
01/12/18,2126.21,180112,879117,12087,58,42,166,266,0
01/13/18,2758.69,180113,512417,6539,156,64,266,486,1
01/14/18,2089.33,180114,1039023,13765,4,44,278,326,1
01/15/18,3149.84,180115,1494941,20410,222,176,324,722,0
01/16/18,2805.46,180116,649631,9123,136,46,316,498,1
01/17/18,2676.08,180117,1586518,20469,96,102,348,546,0
01/18/18,2261.43,180118,1000205,13334,32,20,326,378,0
01/19/18,2233.23,180119,677590,9754,52,34,274,360,0
01/20/18,2083.9,180120,589050,7996,0,0,354,354,1
01/21/18,2095.1,180121,388537,5476,0,0,382,382,1
01/22/18,2691.39,180122,416593,6081,128,64,314,506,0
01/23/18,2783.41,180123,1270619,17344,92,82,438,612,1
01/24/18,2541.06,180124,1680623,23276,96,40,374,510,0
01/25/18,2166.41,180125,665465,9714,8,28,330,366,0
01/26/18,2629.82,180126,597730,8502,62,30,452,544,0
01/27/18,3519.69,180127,1543840,20584,236,196,450,882,1
01/28/18,1966.06,180128,1363336,17856,0,0,272,272,1
01/29/18,1986.21,180129,391520,5715,12,14,236,262,0
01/30/18,2139.96,180130,507948,6956,14,28,274,316,1
01/31/18,2318.05,180131,429404,6268,4,12,488,504,0
02/01/18,3326.83,180201,1202806,16560,180,88,482,750,0
02/02/18,2425.72,180202,1584154,20462,36,24,428,488,0
02/03/18,2270.86,180203,766884,11008,8,22,450,480,1
02/04/18,2780.25,180204,408448,5962,134,62,396,592,1
02/05/18,2786.35,180205,1536695,20050,92,44,452,588,0
02/06/18,2435.59,180206,1113055,14988,30,40,372,442,1
02/07/18,2456.73,180207,752910,10442,44,36,430,510,0
02/08/18,2249.88,180208,750178,10393,48,50,274,372,0
02/09/18,3153.78,180209,885061,12190,220,144,332,696,0
02/10/18,3184.03,180210,2045500,27441,154,210,420,784,1
02/11/18,3321.2,180211,1756471,24334,204,216,428,848,1
02/12/18,2745.09,180212,1446878,19171,108,70,394,572,0
02/13/18,3028.6,180213,1358063,17621,180,94,360,634,1
02/14/18,2483.08,180214,1456640,18766,42,60,396,498,0
02/15/18,3093.95,180215,1744046,22766,164,68,434,666,0
02/16/18,2628.93,180216,912793,12239,70,68,406,544,0
02/17/18,3084.77,180217,2341581,29461,208,64,318,590,1
02/18/18,2589.28,180218,536718,7349,74,64,354,492,1
02/19/18,3395.45,180219,1828743,23977,216,178,378,772,0
02/20/18,2190.89,180220,1022762,13632,16,6,384,406,1
02/21/18,2854.92,180221,705830,10158,100,116,450,666,0
02/22/18,2061.62,180222,1090791,14899,30,14,250,294,0
02/23/18,1990.13,180223,488430,7005,2,10,254,266,0
02/24/18,2712.63,180224,869264,12550,40,128,486,654,1
02/25/18,3686.44,180225,1018622,14532,270,188,476,934,1
02/26/18,2738.62,180226,1906299,25664,84,80,428,592,0
02/27/18,2609.15,180227,1425733,19470,64,66,434,564,1
02/28/18,2243.57,180228,966828,13715,4,14,346,364,0
03/01/18,2425.74,180301,517302,7414,50,30,360,440,0
03/02/18,2482.8,180302,1057079,15088,40,26,422,488,0
03/03/18,2532.42,180303,913881,12674,90,56,338,484,1
03/04/18,2703.32,180304,821274,11724,60,98,470,628,1
03/05/18,2516.98,180305,969618,13823,88,30,392,510,0
03/06/18,2371.35,180306,824820,11651,2,30,486,518,1
03/07/18,2386.09,180307,694004,10060,6,46,486,538,0
03/08/18,2366.93,180308,903819,12807,52,28,370,450,0
03/09/18,2138.7,180309,617834,8812,8,24,346,378,0
03/10/18,2707.11,180310,960993,13690,64,136,420,620,1
03/11/18,2644.85,180311,1210951,16642,90,70,396,556,1
03/12/18,2073.09,180312,448400,6238,4,16,274,294,0
03/13/18,2514.4,180313,472762,6901,38,44,430,512,1
03/14/18,2166.73,180314,1071089,14719,12,20,312,344,0
03/15/18,2161.29,180315,601732,8665,14,16,258,288,0
03/16/18,2554.44,180316,433297,6325,18,60,486,564,0
03/17/18,1977.7,180317,858798,12231,4,14,282,300,1
03/18/18,2517.58,180318,339020,4884,40,18,442,500,1
03/19/18,2218.2,180319,1201550,16916,92,34,190,316,0
03/20/18,2320.78,180320,350600,5053,44,12,372,428,1
03/21/18,2132.53,180321,833347,11690,30,10,256,296,0
03/22/18,1937.29,180322,231626,3381,0,0,270,270,0
03/23/18,2261.75,180323,460365,6720,4,16,418,438,0
03/24/18,2722.67,180324,741662,10559,92,128,390,610,1
03/25/18,3056.23,180325,1351739,18632,122,138,468,728,1
03/26/18,2022.32,180326,1229622,16790,0,0,290,290,0
03/27/18,2557.54,180327,455688,6523,62,90,406,558,1
03/28/18,2383.81,180328,947734,13248,20,46,438,504,0
03/29/18,2586.88,180329,1175766,15804,80,56,434,570,0
03/30/18,2492.06,180330,484277,7069,24,26,492,542,0
03/31/18,2589.4,180331,1195796,16844,60,80,436,576,1
04/01/18,2201.37,180401,686623,9397,0,0,498,498,1
04/02/18,2597.45,180402,707265,10247,106,48,376,530,0
04/03/18,1943.43,180403,641264,8615,0,0,232,232,1
04/04/18,2175.31,180404,407337,5946,20,18,328,366,0
04/05/18,2453.07,180405,1073808,14825,46,48,384,478,0
04/06/18,2061.74,180406,341919,4991,18,18,274,310,0
04/07/18,1934.42,180407,444473,6358,10,38,200,248,1
04/08/18,2386.04,180408,433630,6065,48,54,372,474,1
04/09/18,2880.71,180409,774005,11089,156,68,336,560,0
04/10/18,2468.69,180410,1533799,19837,36,20,452,508,1
04/11/18,2725.54,180411,740610,10811,102,68,354,524,0
04/12/18,4037.89,180412,2963925,36164,278,126,524,928,0
04/13/18,2955.45,180413,1162237,15838,148,80,352,580,0
04/14/18,2348.32,180414,1813396,22563,74,38,288,400,1
04/15/18,2759.93,180415,385415,5626,134,80,304,518,1
04/16/18,3005.11,180416,1366575,18408,152,76,360,588,0
04/17/18,2767.63,180417,1557911,19946,138,72,320,530,1
04/18/18,2319.13,180418,1261426,16402,18,24,352,394,0
04/19/18,3118.01,180419,1823980,23524,146,48,478,672,0
04/20/18,2368.38,180420,965514,13128,80,46,294,420,0
04/21/18,1774.18,180421,195593,2855,0,0,162,162,1
04/22/18,2462.3,180422,590849,8526,26,18,492,536,1
04/23/18,2548.97,180423,892497,12431,86,40,376,502,0
04/24/18,2315.46,180424,974634,13531,42,36,332,410,1
04/25/18,2503.96,180425,568694,8168,76,54,348,478,0
04/26/18,2472.22,180426,842075,11255,38,18,390,446,0
04/27/18,2207.88,180427,981819,13207,4,12,402,418,0
04/28/18,2257.42,180428,631123,8849,14,24,396,434,1
04/29/18,2813.12,180429,252932,3692,168,140,218,526,1
04/30/18,2336.82,180430,1647688,22690,60,36,324,420,0
05/01/18,3023.51,180501,1540638,20079,124,118,418,660,1
05/02/18,2293.64,180502,683566,9566,38,48,316,402,0
05/03/18,2182.95,180503,659302,9624,10,24,320,354,0
05/04/18,2223.26,180504,625307,9128,40,16,326,382,0
05/05/18,2718.35,180505,720614,10519,80,138,400,618,1
05/06/18,2835.46,180506,1250897,16489,108,80,394,582,1
05/07/18,2490.81,180507,1002992,13263,94,66,292,452,0
05/08/18,2252.14,180508,1170995,15656,16,46,342,404,1
05/09/18,2679.21,180509,536672,7834,74,110,420,604,0
05/10/18,2170.02,180510,1089775,15279,8,4,366,378,0
05/11/18,2163.55,180511,553774,7935,0,0,388,388,0
05/12/18,2215.07,180512,503592,7351,28,2,316,346,1
05/13/18,2297.31,180513,795597,10900,10,88,382,480,1
05/14/18,2711.05,180514,544275,7945,74,132,394,600,0
05/15/18,3313.02,180515,1805270,24470,192,114,484,790,1
05/16/18,2357.82,180516,1084172,14946,8,36,452,496,0
05/17/18,2586.78,180517,865935,12572,108,60,310,478,0
05/18/18,2709.56,180518,1041862,14426,74,94,492,660,0
05/19/18,2000.57,180519,868525,12477,0,0,312,312,1
05/20/18,3391.74,180520,990340,12231,258,162,324,744,1
05/21/18,2313.29,180521,1641129,22134,14,6,382,402,0
05/22/18,3174.76,180522,1570421,20374,176,82,388,646,1
05/23/18,2228.66,180523,803212,10710,0,0,392,392,0
05/24/18,2399.19,180524,587646,8309,56,36,328,420,0
05/25/18,2646.58,180525,1099850,15026,34,40,532,606,0
05/26/18,2890.99,180526,923911,12786,102,34,636,772,1
05/27/18,2310.74,180527,1129227,15188,0,0,518,518,1
05/28/18,2102.12,180528,515585,7526,10,38,310,358,0
05/29/18,1585.1,180529,123933,1809,0,0,0,0,1
05/30/18,2467.14,180530,492182,6575,70,46,354,470,0
05/31/18,2103.73,180531,681488,9635,0,0,356,356,0
06/01/18,2171.29,180601,444339,6418,6,22,368,396,0
06/02/18,3086.59,180602,1337273,17303,148,92,410,650,1
06/03/18,2608.37,180603,1432100,18638,92,60,318,470,1
06/04/18,2789.29,180604,803735,11455,124,74,362,560,0
06/05/18,2924.58,180605,1555695,21436,108,90,426,624,1
06/06/18,2800.4,180606,1021650,14100,90,74,438,602,0
06/07/18,2864.32,180607,1650762,21892,50,54,600,704,0
06/08/18,2759.78,180608,1053510,14342,110,48,344,502,0
06/09/18,2701.16,180609,963297,11638,98,46,356,500,1
06/10/18,2883.77,180610,1937597,24626,122,62,394,578,1
06/11/18,2745.05,180611,1112125,15026,104,78,348,530,0
06/12/18,2802.48,180612,1801358,24036,86,72,406,564,1
06/13/18,2570.25,180613,917076,12531,48,28,434,510,0
06/14/18,2551.85,180614,814098,11817,62,18,450,530,0
06/15/18,2564.28,180615,829913,11416,72,36,448,556,0
06/16/18,2885.52,180616,1446575,19928,106,90,458,654,1
06/17/18,2235.52,180617,776187,10986,28,18,334,380,1
06/18/18,2079.69,180618,453865,6420,24,48,222,294,0
06/19/18,1942.4,180619,504610,7366,18,0,188,206,1
06/20/18,2610.34,180620,579354,8457,88,40,398,526,0
06/21/18,2170.53,180621,917864,12473,20,20,318,358,0
06/22/18,2314.89,180622,591449,8565,62,14,314,390,0
06/23/18,2287.18,180623,581541,7954,22,20,392,434,1
06/24/18,2414.9,180624,874374,12181,26,26,444,496,1
06/25/18,2327.47,180625,503198,7063,94,28,208,330,0
06/26/18,3129.83,180626,1244431,16074,136,96,466,698,1
06/27/18,2043.29,180627,1244945,16422,0,0,312,312,0
06/28/18,2331.12,180628,572327,8207,20,24,362,406,0
06/29/18,2657.55,180629,685266,9663,80,28,418,526,0
06/30/18,2546.9,180630,1130047,14643,22,44,562,628,1
07/01/18,2395.91,180701,696223,10100,56,56,332,444,1
07/02/18,2641.18,180702,1050841,14424,100,44,368,512,0
07/03/18,2307.48,180703,1188013,16057,40,10,384,434,1
07/04/18,2686.26,180704,382477,5523,102,68,382,552,0
07/05/18,2222.98,180705,1313785,17699,0,0,452,452,0
07/06/18,1781.38,180706,302189,4411,0,0,140,140,0
07/07/18,1585.1,180707,0,0,0,0,0,0,1
07/08/18,1585.1,180708,0,0,0,0,0,0,1
07/09/18,1585.1,180709,0,0,0,0,0,0,0
07/10/18,1955.59,180710,196064,2862,12,4,216,232,1
07/11/18,2152.32,180711,598867,8679,52,6,254,312,0
07/12/18,2157.16,180712,503034,7343,48,12,216,276,0
07/13/18,2252.86,180713,623255,9098,60,8,298,366,0
07/14/18,2200.19,180714,584007,8525,54,10,264,328,1
07/15/18,2306.91,180715,860479,11834,38,8,280,326,1
07/16/18,1585.1,180716,0,0,0,0,0,0,0
07/17/18,1585.1,180717,0,0,0,0,0,0,1
07/18/18,1570.69,180718,0,0,0,0,0,0,0
07/19/18,1570.69,180719,0,0,0,0,0,0,0
07/20/18,1570.69,180720,0,0,0,0,0,0,0
07/21/18,1570.69,180721,0,0,0,0,0,0,1
07/22/18,1570.69,180722,0,0,0,0,0,0,1
07/23/18,1570.69,180723,0,0,0,0,0,0,0
07/24/18,1570.69,180724,0,0,0,0,0,0,1
07/25/18,1570.69,180725,0,0,0,0,0,0,0
07/26/18,1570.69,180726,0,0,0,0,0,0,0
07/27/18,1570.69,180727,0,0,0,0,0,0,0
07/28/18,1891.23,180728,201592,2727,0,0,206,206,1
07/29/18,1763.49,180729,182989,2671,0,0,168,168,1
07/30/18,2176.74,180730,476514,6956,70,8,238,316,0
07/31/18,1944.26,180731,299096,4366,0,0,264,264,1
08/01/18,2133.08,180801,625311,9128,54,10,224,288,0
08/02/18,2220.71,180802,587659,8427,54,10,288,352,0
08/03/18,2157.45,180803,470631,6870,22,28,284,334,0
08/04/18,2230.2,180804,475678,6875,32,40,346,418,1
08/05/18,2082.25,180805,660583,9234,22,20,302,344,1
08/06/18,2215.63,180806,366370,5348,14,44,358,416,0
08/07/18,2059.05,180807,420361,6136,0,0,398,398,1
08/08/18,2212.95,180808,702620,10129,54,10,280,344,0
08/09/18,2245.2,180809,717510,10332,56,6,292,354,0
08/10/18,2090.07,180810,493122,7064,0,0,300,300,0
08/11/18,1983.64,180811,403236,5688,0,0,246,246,1
08/12/18,1875.46,180812,193995,2766,0,16,180,196,1
08/13/18,2295.41,180813,693755,9667,16,4,392,412,0
08/14/18,2203.25,180814,383089,5462,16,26,356,398,1
08/15/18,2187.12,180815,794226,11532,22,18,314,354,0
08/16/18,2213.36,180816,467204,6820,32,20,276,328,0
08/17/18,2128.99,180817,652546,9257,36,16,294,346,0
08/18/18,2030.65,180818,503706,6934,14,6,284,304,1
08/19/18,2072.2,180819,355756,5193,8,32,308,348,1
08/20/18,2172.83,180820,602974,8802,54,6,234,294,0
08/21/18,2090.78,180821,414700,5659,14,4,346,364,1
08/22/18,2090.71,180822,572231,8353,18,20,260,298,0
08/23/18,2105.42,180823,536120,7826,64,2,194,260,0
08/24/18,2072.95,180824,428183,6082,18,4,270,292,0
08/25/18,1907.68,180825,139206,2032,0,0,202,202,1
08/26/18,1890.91,180826,609988,8771,56,8,74,138,1
08/27/18,1613.79,180827,0,0,0,0,32,32,0
08/28/18,1753.6,180828,135371,1976,0,0,144,144,1
08/29/18,1873.1,180829,204284,2918,0,0,202,202,0
08/30/18,2226.12,180830,460802,6640,62,24,252,338,0
08/31/18,2493.09,180831,1056430,14923,58,4,410,472,0
09/01/18,1987.6,180901,354256,5171,10,12,264,286,1
09/02/18,1953.76,180902,483267,6591,0,0,202,202,1
09/03/18,1873.34,180903,215318,3143,0,0,232,232,0
09/04/18,1931.87,180904,286530,3981,26,12,184,222,1
09/05/18,1986.5,180905,436692,6184,14,6,214,234,0
09/06/18,2323.53,180906,778354,11060,58,22,250,330,0
09/07/18,2173.84,180907,599487,8683,38,8,270,316,0
09/08/18,2302.57,180908,426169,5870,14,56,350,420,1
09/09/18,1808.58,180909,488712,6930,0,0,190,190,1
09/10/18,2278.08,180910,670585,9550,40,22,330,392,0
09/11/18,1931.15,180911,232169,3389,0,34,216,250,1
09/12/18,2250.95,180912,698343,9970,56,8,272,336,0
09/13/18,2375.2,180913,641362,8948,48,14,334,396,0
09/14/18,2261.97,180914,922224,12891,52,12,278,342,0
09/15/18,1973.55,180915,396457,5787,0,0,266,266,1
09/16/18,1935.6,180916,231079,3373,2,16,248,266,1
09/17/18,2235.54,180917,705867,9908,52,14,258,324,0
09/18/18,2388.02,180918,291157,4250,44,32,374,450,1
09/19/18,2245.96,180919,1223120,16987,40,0,274,314,0
09/20/18,2260.86,180920,665510,9526,36,16,312,364,0
09/21/18,2291.46,180921,754431,10618,62,14,250,326,0
09/22/18,1992.35,180922,358119,4696,0,0,218,218,1
09/23/18,2075.98,180923,392903,5608,0,0,360,360,1
09/24/18,2176.79,180924,669720,9710,38,6,258,302,0
09/25/18,2254.78,180925,664572,9371,60,34,272,366,1
09/26/18,2219.8,180926,672304,9684,52,10,256,318,0
09/27/18,2242.99,180927,551383,7899,32,10,314,356,0
09/28/18,2280.4,180928,826891,11698,54,6,294,354,0
09/29/18,2062.37,180929,469837,6434,16,20,276,312,1
09/30/18,1812.64,180930,176753,2580,0,0,178,178,1
10/01/18,2144.31,181001,552419,8064,56,4,228,288,0
10/02/18,1834.71,181002,196137,2863,10,10,172,192,1
10/03/18,2174.33,181003,538548,7599,62,16,224,302,0
10/04/18,2282.18,181004,784147,10952,56,6,288,350,0
10/05/18,2420.46,181005,873834,11547,56,52,328,436,0
10/06/18,1962.83,181006,289378,4224,0,0,272,272,1
10/07/18,1949.88,181007,339926,4900,0,0,262,262,1
10/08/18,1920.72,181008,337876,4932,14,18,192,224,0
10/09/18,1691.5,181009,98861,1443,0,0,98,98,1
10/10/18,2254.61,181010,672870,9347,52,8,280,340,0
10/11/18,2207.72,181011,573478,8281,36,8,286,330,0
10/12/18,2166.11,181012,541346,7731,0,0,346,346,0
10/13/18,2376.98,181013,622530,8828,68,54,320,442,1
10/14/18,2182.48,181014,698484,10196,10,12,402,424,1
10/15/18,2493.75,181015,749815,10519,66,22,360,448,0
10/16/18,2220.05,181016,750635,10823,18,56,368,442,1
10/17/18,2358.34,181017,893793,12510,50,8,270,328,0
10/18/18,2394.14,181018,872789,11914,64,30,268,362,0
10/19/18,2062.84,181019,400296,5780,12,16,242,270,0
10/20/18,2135.54,181020,456050,6320,0,0,384,384,1
10/21/18,2320.46,181021,377006,5503,24,56,402,482,1
10/22/18,2428.28,181022,1280280,18146,60,28,350,438,0
10/23/18,2075.9,181023,217514,3175,4,22,332,358,1
10/24/18,2303.37,181024,952837,13683,42,30,278,350,0
10/25/18,2228.31,181025,674972,9853,70,12,242,324,0
10/26/18,1860.39,181026,136747,1996,8,12,208,228,0
10/27/18,2126.2,181027,572570,7850,20,32,278,330,1
10/28/18,1963.28,181028,418575,5760,0,0,268,268,1
10/29/18,2180.28,181029,546671,7824,50,12,240,302,0
10/30/18,1770.7,181030,175931,2568,0,0,154,154,1
10/31/18,2379.19,181031,885304,11865,80,22,236,338,0
11/01/18,2324.24,181101,816101,10989,66,18,252,336,0
11/02/18,1977.24,181102,295123,4308,22,0,226,248,0
11/03/18,2029.41,181103,371928,5429,0,0,312,312,1
11/04/18,2245.97,181104,389201,5681,0,24,496,520,1
11/05/18,2102.13,181105,642174,9374,56,8,204,268,0
11/06/18,1836.7,181106,262172,3827,0,0,184,184,1
11/07/18,1831.65,181107,237510,3467,10,10,154,174,0
11/08/18,2217.27,181108,573523,8372,44,16,262,322,0
11/09/18,2350.42,181109,770474,10784,46,14,334,394,0
11/10/18,1956.56,181110,445607,6175,12,12,234,258,1
11/11/18,2152.56,181111,328771,4799,20,22,358,400,1
11/12/18,2001.75,181112,459419,6638,0,0,318,318,0
11/13/18,1782.31,181113,214568,3132,0,0,154,154,1
11/14/18,2230.8,181114,411080,5401,16,6,308,330,0
11/15/18,2075.13,181115,583210,7716,0,0,296,296,0
11/16/18,2361.12,181116,795063,11606,70,24,338,432,0
11/17/18,2304.56,181117,553465,7863,70,58,268,396,1
11/18/18,1769.67,181118,445215,6218,0,0,170,170,1
11/19/18,2261.63,181119,600713,8769,50,26,288,364,0
11/20/18,1834.39,181120,206692,3017,0,0,212,212,1
11/21/18,1985.77,181121,313983,4518,0,0,308,308,0
11/22/18,1916.07,181122,330558,4825,2,12,242,256,0
11/23/18,1924.86,181123,136200,1988,14,6,230,250,0
11/24/18,1799.59,181124,302801,4420,0,0,182,182,1
11/25/18,1859.4,181125,313541,4295,0,0,170,170,1
11/26/18,2134.15,181126,412282,5884,34,2,260,296,0
11/27/18,2138.07,181127,347052,5066,56,34,204,294,1
11/28/18,2215.5,181128,766491,11058,60,36,252,348,0
11/29/18,2249.39,181129,541002,7742,22,42,316,380,0
11/30/18,2279.16,181130,421376,6151,52,48,356,456,0
12/01/18,1883.92,181201,750741,10624,0,0,224,224,1
12/02/18,1950.68,181202,324869,4742,0,0,288,288,1
12/03/18,2073.89,181203,415580,6003,48,32,180,260,0
12/04/18,2235.53,181204,501060,7314,4,8,462,474,1
12/05/18,2181.38,181205,705087,9997,38,4,254,296,0
12/06/18,2392.54,181206,754229,10022,74,26,258,358,0
12/07/18,2371.62,181207,937063,12853,58,20,348,426,0
12/08/18,2063.83,181208,397961,5340,0,0,332,332,1
12/09/18,1934.89,181209,296157,4323,14,14,220,248,1
12/10/18,2253.25,181210,875695,12417,62,56,204,322,0
12/11/18,1795.59,181211,120503,1759,12,12,130,154,1
12/12/18,2295.88,181212,661686,9153,56,6,324,386,0
12/13/18,2393.67,181213,768077,11036,68,18,348,434,0
12/14/18,2109.72,181214,590716,8623,12,8,304,324,0
12/15/18,2067.69,181215,446933,6104,0,0,354,354,1
12/16/18,1969.03,181216,204160,2980,0,0,284,284,1
12/17/18,2132.71,181217,655182,9564,52,20,206,278,0
12/18/18,2153.74,181218,524712,7562,60,8,272,340,1
12/19/18,2192.01,181219,568938,8131,20,22,286,328,0
12/20/18,2595.45,181220,921480,13242,106,38,390,534,0
12/21/18,2161.59,181221,584296,8529,2,26,408,436,0
12/22/18,2032.87,181222,226491,3306,60,4,192,256,1
12/23/18,2561.64,181223,1037513,15145,50,50,534,634,1
12/24/18,1977.32,181224,524352,7654,10,6,262,278,0
12/25/18,2136.29,181225,293007,4277,34,38,296,368,1
12/26/18,1780.23,181226,362143,5221,0,0,144,144,0
12/27/18,1601.56,181227,51383,750,0,0,28,28,0
12/28/18,1681.83,181228,86046,1256,0,0,88,88,0
12/29/18,1685.82,181229,70769,1033,0,0,92,92,1
12/30/18,2105.07,181230,349723,5105,0,46,310,356,1
12/31/18,2080.59,181231,417217,6090,0,14,386,400,0
01/01/19,2004.23,190101,199923,2918,0,0,296,296,1
01/02/19,2176.06,190102,663065,9446,70,10,202,282,0
01/03/19,2195.02,190103,514039,7435,20,30,386,436,0
01/04/19,1750.39,190104,244781,3573,0,0,140,140,0
01/05/19,1782.63,190105,265671,3878,0,0,146,146,1
01/06/19,2069.01,190106,165040,2409,32,18,286,336,1
01/07/19,2195.09,190107,635412,9073,52,20,268,340,0
01/08/19,1709.24,190108,243054,3484,0,0,108,108,1
01/09/19,2191.01,190109,567363,8144,56,28,224,308,0
01/10/19,2206.78,190110,560047,8030,18,8,344,370,0
01/11/19,2567.62,190111,847438,11332,46,18,402,466,0
01/12/19,2326.58,190112,958262,12334,32,12,386,430,1
01/13/19,1803.79,190113,274854,4012,0,0,192,192,1
01/14/19,2010.82,190114,289719,4229,34,14,178,226,0
01/15/19,1897.18,190115,345683,5046,0,0,256,256,1
01/16/19,2058.69,190116,406066,5855,30,18,228,276,0
01/17/19,2196.85,190117,591577,8216,30,16,292,338,0
01/18/19,1850.67,190118,223542,3263,0,0,218,218,0
01/19/19,2172.81,190119,342470,4999,24,34,326,384,1
01/20/19,1676.97,190120,405624,5921,0,0,78,78,1
01/21/19,1850.87,190121,230432,3086,14,4,160,178,0
01/22/19,2547.08,190122,347511,4866,60,92,420,572,1
01/23/19,2285.2,190123,1114000,15801,42,22,328,392,0
01/24/19,2555.84,190124,732783,10622,126,12,326,464,0
01/25/19,2216.74,190125,893249,12889,70,6,292,368,0
01/26/19,2430.05,190126,685337,10004,36,52,446,534,1
01/27/19,2308.38,190127,829802,11573,50,92,286,428,1
01/28/19,2863.17,190128,1077091,15381,70,64,504,638,0
01/29/19,3043.82,190129,1708348,23504,120,122,552,794,1
01/30/19,2249.77,190130,1065675,15177,20,0,316,336,0
01/31/19,2342.82,190131,735079,10588,52,14,354,420,0
